{"config_id": "2fe684de6fcc", "decode_tok_s": {"ci_high": 21.6319, "ci_low": 21.4954, "median": 21.5837}, "model_size_mb": 4232.56640625, "n_repeats": 7, "peak_mem_mb": 4460.15625, "prefill_ttft_ms": {"ci_high": 17584.859613, "ci_low": 17567.001574, "median": 17579.266943}, "quality": {"kl_vs_baseline": -0.0, "perplexity": 15.946398}, "raw_samples": {"decode_tok_s": [21.405, 21.6044, 21.5837, 21.6799, 21.6319, 21.5051, 21.4954], "prefill_ttft_ms": [17582.372398, 17567.001574, 17579.266943, 17562.957819, 17584.859613, 17569.914906, 17587.243573]}, "stage": "confirm"}