{"config_id": "e146f050262b", "decode_tok_s": {"ci_high": 40.3502, "ci_low": 39.3683, "median": 40.1369}, "model_size_mb": 4232.56640625, "n_repeats": 7, "peak_mem_mb": 8278.30859375, "prefill_ttft_ms": {"ci_high": 3776.821041, "ci_low": 3752.230526, "median": 3765.140361}, "quality": {"kl_vs_baseline": 0.002036, "perplexity": 15.972201}, "raw_samples": {"decode_tok_s": [40.1775, 40.0056, 40.1369, 40.3502, 40.3982, 39.1351, 39.3683], "prefill_ttft_ms": [3768.071077, 3776.821041, 3765.140361, 3784.914129, 3752.230526, 3755.994462, 3751.471767]}, "stage": "confirm"}